flag,model,bin_idx,bin_lo,bin_hi,n,error_rate,werr
identical,vate,4,0.056232184171676636,0.067271888256073,1468,0.0,0.0
identical,aligned_deja,4,0.029673337936401367,0.03430074453353882,479,0.0,0.0
identical,aligned_deja,5,0.03430074453353882,0.04834541380405426,989,0.0,0.0
identical,aligned_source,4,0.030103623867034912,0.03491508960723877,414,0.0,0.0
identical,aligned_source,5,0.03491508960723877,0.049367728829383825,1054,0.0,0.0
identical,aligned_pacifico,4,0.029759883880615234,0.034644126892089844,472,0.0,0.0
identical,aligned_pacifico,5,0.034644126892089844,0.049009972810745234,996,0.0,0.0
punycode,vate,0,0.0,0.014221474528312683,15,0.6,0.005033361911773682
punycode,vate,1,0.014221474528312683,0.026427507400512695,12,0.3333333333333333,0.006822849313418071
punycode,vate,2,0.026427507400512695,0.039520263671875,39,0.6410256410256411,0.020932507820618458
punycode,vate,3,0.039520263671875,0.056232184171676636,110,0.09090909090909091,0.003928525339473378
punycode,vate,4,0.056232184171676636,0.067271888256073,32,0.0,0.0
punycode,vate,5,0.067271888256073,0.10144402384757996,2,0.0,0.0
punycode,aligned_deja,0,0.0,0.007757246494293213,13,0.6153846153846154,0.0018781286019545335
punycode,aligned_deja,1,0.007757246494293213,0.014355868101119995,26,0.5,0.005642540179766142
punycode,aligned_deja,2,0.014355868101119995,0.02157685160636902,34,0.6470588235294118,0.011662910966312183
punycode,aligned_deja,3,0.02157685160636902,0.029673337936401367,64,0.09375,0.0023146262392401695
punycode,aligned_deja,4,0.029673337936401367,0.03430074453353882,69,0.0,0.0
punycode,aligned_deja,5,0.03430074453353882,0.04834541380405426,4,0.0,0.0
punycode,aligned_source,0,0.0,0.00802774727344513,14,0.2857142857142857,0.0013301372528076172
punycode,aligned_source,1,0.00802774727344513,0.014777213335037231,19,0.631578947368421,0.007418648192757054
punycode,aligned_source,2,0.014777213335037231,0.02207021415233612,35,0.6857142857142857,0.012693800245012555
punycode,aligned_source,3,0.02207021415233612,0.030103623867034912,62,0.0967741935483871,0.002455625803239884
punycode,aligned_source,4,0.030103623867034912,0.03491508960723877,71,0.0,0.0
punycode,aligned_source,5,0.03491508960723877,0.049367728829383825,9,0.0,0.0
punycode,aligned_pacifico,0,0.0,0.007944509387016296,11,0.45454545454545453,0.0022082762284712358
punycode,aligned_pacifico,1,0.007944509387016296,0.014618337154388428,20,0.55,0.006327939033508301
punycode,aligned_pacifico,2,0.014618337154388428,0.02183227241039276,34,0.6764705882352942,0.012003207907957189
punycode,aligned_pacifico,3,0.02183227241039276,0.029759883880615234,67,0.13432835820895522,0.0032306402476865856
punycode,aligned_pacifico,4,0.029759883880615234,0.034644126892089844,69,0.0,0.0
punycode,aligned_pacifico,5,0.034644126892089844,0.049009972810745234,9,0.0,0.0
non_ascii,vate,0,0.0,0.014221474528312683,28203,0.2718505123568415,0.0015549741539300657
non_ascii,vate,1,0.014221474528312683,0.026427507400512695,32518,0.06725505873669968,0.001290985848955126
non_ascii,vate,2,0.026427507400512695,0.039520263671875,32687,0.022088291981521707,0.0007001266554036743
non_ascii,vate,3,0.039520263671875,0.056232184171676636,12316,0.018674894446248782,0.0008504430933717243
non_ascii,vate,4,0.056232184171676636,0.067271888256073,69,0.7101449275362319,0.043318354565164315
non_ascii,vate,5,0.067271888256073,0.10144402384757996,14,1.0,0.0753568070275443
non_ascii,aligned_deja,0,0.0,0.007757246494293213,27983,0.25454740378086693,0.0007882898050580939
non_ascii,aligned_deja,1,0.007757246494293213,0.014355868101119995,32163,0.05102135994776607,0.0005274226396930301
non_ascii,aligned_deja,2,0.014355868101119995,0.02157685160636902,31909,0.014604030210912281,0.0002490026727652661
non_ascii,aligned_deja,3,0.02157685160636902,0.029673337936401367,13196,0.009245225826007881,0.0002299996127356685
non_ascii,aligned_deja,4,0.029673337936401367,0.03430074453353882,548,0.020072992700729927,0.0006292327477114044
non_ascii,aligned_deja,5,0.03430074453353882,0.04834541380405426,8,1.0,0.038567230105400085
non_ascii,aligned_source,0,0.0,0.00802774727344513,27366,0.24859314477819192,0.0007846376478240773
non_ascii,aligned_source,1,0.00802774727344513,0.014777213335037231,32088,0.04606083271004737,0.0004927677217786433
non_ascii,aligned_source,2,0.014777213335037231,0.02207021415233612,32113,0.014168716719085728,0.0002461565864998234
non_ascii,aligned_source,3,0.02207021415233612,0.030103623867034912,13618,0.007122925539726832,0.00017922230361404004
non_ascii,aligned_source,4,0.030103623867034912,0.03491508960723877,616,0.012987012987012988,0.0004176522617216234
non_ascii,aligned_source,5,0.03491508960723877,0.049367728829383825,6,1.0,0.037081380685170494
non_ascii,aligned_pacifico,0,0.0,0.007944509387016296,26975,0.24500463392029656,0.0007577163538963735
non_ascii,aligned_pacifico,1,0.007944509387016296,0.014618337154388428,32081,0.04457467036563698,0.0004735444721031552
non_ascii,aligned_pacifico,2,0.014618337154388428,0.02183227241039276,32293,0.012107887158207662,0.00021376760193552455
non_ascii,aligned_pacifico,3,0.02183227241039276,0.029759883880615234,13806,0.006736201651455889,0.0001656354924276154
non_ascii,aligned_pacifico,4,0.029759883880615234,0.034644126892089844,644,0.012422360248447204,0.00039680681613661487
non_ascii,aligned_pacifico,5,0.034644126892089844,0.049009972810745234,8,1.0,0.036791786551475525
unicode_marks_only,vate,0,0.0,0.014221474528312683,5801,0.23030511980692983,0.0012670577116987455
unicode_marks_only,vate,1,0.014221474528312683,0.026427507400512695,8286,0.04175718078686942,0.0008003841613531976
unicode_marks_only,vate,2,0.026427507400512695,0.039520263671875,10565,0.008991954566966399,0.0002803833181125769
unicode_marks_only,vate,3,0.039520263671875,0.056232184171676636,5348,0.004674644727000748,0.0002054444826977772
unicode_marks_only,vate,4,0.056232184171676636,0.067271888256073,13,0.3076923076923077,0.018633063022906963
unicode_marks_only,vate,5,0.067271888256073,0.10144402384757996,1,1.0,0.072723388671875
unicode_marks_only,aligned_deja,0,0.0,0.007757246494293213,5511,0.2101252041371802,0.0006059621903667475
unicode_marks_only,aligned_deja,1,0.007757246494293213,0.014355868101119995,8162,0.023768684146042638,0.00024269290836206168
unicode_marks_only,aligned_deja,2,0.014355868101119995,0.02157685160636902,10369,0.0040505352493008006,6.806295142705834e-05
unicode_marks_only,aligned_deja,3,0.02157685160636902,0.029673337936401367,5683,0.0014077071969030442,3.557232050079287e-05
unicode_marks_only,aligned_deja,4,0.029673337936401367,0.03430074453353882,289,0.0,0.0
unicode_marks_only,aligned_source,0,0.0,0.00802774727344513,5354,0.2002241314904744,0.0005843051120243636
unicode_marks_only,aligned_source,1,0.00802774727344513,0.014777213335037231,8050,0.021739130434782608,0.0002238940970497842
unicode_marks_only,aligned_source,2,0.014777213335037231,0.02207021415233612,10437,0.0034492670307559644,5.871943841780512e-05
unicode_marks_only,aligned_source,3,0.02207021415233612,0.030103623867034912,5852,0.0008544087491455912,2.1459495296074115e-05
unicode_marks_only,aligned_source,4,0.030103623867034912,0.03491508960723877,321,0.0,0.0
unicode_marks_only,aligned_pacifico,0,0.0,0.007944509387016296,5276,0.19465504169825626,0.0005675884157170664
unicode_marks_only,aligned_pacifico,1,0.007944509387016296,0.014618337154388428,8076,0.01981178801386825,0.0002062428685448558
unicode_marks_only,aligned_pacifico,2,0.014618337154388428,0.02183227241039276,10406,0.0033634441668268307,5.740236026288087e-05
unicode_marks_only,aligned_pacifico,3,0.02183227241039276,0.029759883880615234,5910,0.0008460236886632825,2.147546274407866e-05
unicode_marks_only,aligned_pacifico,4,0.029759883880615234,0.034644126892089844,345,0.0,0.0
unicode_marks_only,aligned_pacifico,5,0.034644126892089844,0.049009972810745234,1,1.0,0.03501999378204346
unicode_homoglyph,vate,0,0.0,0.014221474528312683,5801,0.23030511980692983,0.0012670577116987455
unicode_homoglyph,vate,1,0.014221474528312683,0.026427507400512695,8286,0.04175718078686942,0.0008003841613531976
unicode_homoglyph,vate,2,0.026427507400512695,0.039520263671875,10565,0.008991954566966399,0.0002803833181125769
unicode_homoglyph,vate,3,0.039520263671875,0.056232184171676636,5348,0.004674644727000748,0.0002054444826977772
unicode_homoglyph,vate,4,0.056232184171676636,0.067271888256073,13,0.3076923076923077,0.018633063022906963
unicode_homoglyph,vate,5,0.067271888256073,0.10144402384757996,1,1.0,0.072723388671875
unicode_homoglyph,aligned_deja,0,0.0,0.007757246494293213,5511,0.2101252041371802,0.0006059621903667475
unicode_homoglyph,aligned_deja,1,0.007757246494293213,0.014355868101119995,8162,0.023768684146042638,0.00024269290836206168
unicode_homoglyph,aligned_deja,2,0.014355868101119995,0.02157685160636902,10369,0.0040505352493008006,6.806295142705834e-05
unicode_homoglyph,aligned_deja,3,0.02157685160636902,0.029673337936401367,5683,0.0014077071969030442,3.557232050079287e-05
unicode_homoglyph,aligned_deja,4,0.029673337936401367,0.03430074453353882,289,0.0,0.0
unicode_homoglyph,aligned_source,0,0.0,0.00802774727344513,5354,0.2002241314904744,0.0005843051120243636
unicode_homoglyph,aligned_source,1,0.00802774727344513,0.014777213335037231,8050,0.021739130434782608,0.0002238940970497842
unicode_homoglyph,aligned_source,2,0.014777213335037231,0.02207021415233612,10437,0.0034492670307559644,5.871943841780512e-05
unicode_homoglyph,aligned_source,3,0.02207021415233612,0.030103623867034912,5852,0.0008544087491455912,2.1459495296074115e-05
unicode_homoglyph,aligned_source,4,0.030103623867034912,0.03491508960723877,321,0.0,0.0
unicode_homoglyph,aligned_pacifico,0,0.0,0.007944509387016296,5276,0.19465504169825626,0.0005675884157170664
unicode_homoglyph,aligned_pacifico,1,0.007944509387016296,0.014618337154388428,8076,0.01981178801386825,0.0002062428685448558
unicode_homoglyph,aligned_pacifico,2,0.014618337154388428,0.02183227241039276,10406,0.0033634441668268307,5.740236026288087e-05
unicode_homoglyph,aligned_pacifico,3,0.02183227241039276,0.029759883880615234,5910,0.0008460236886632825,2.147546274407866e-05
unicode_homoglyph,aligned_pacifico,4,0.029759883880615234,0.034644126892089844,345,0.0,0.0
unicode_homoglyph,aligned_pacifico,5,0.034644126892089844,0.049009972810745234,1,1.0,0.03501999378204346
hyphen_change,vate,0,0.0,0.014221474528312683,3657,0.3311457478807766,0.002000769419457569
hyphen_change,vate,1,0.014221474528312683,0.026427507400512695,3879,0.11136890951276102,0.002201193185404546
hyphen_change,vate,2,0.026427507400512695,0.039520263671875,4283,0.0324538874620593,0.0010222975906578704
hyphen_change,vate,3,0.039520263671875,0.056232184171676636,3060,0.016013071895424835,0.0007372006286982618
hyphen_change,vate,4,0.056232184171676636,0.067271888256073,2292,0.010034904013961605,0.0005973145547753645
hyphen_change,vate,5,0.067271888256073,0.10144402384757996,828,0.007246376811594203,0.0005781430265177851
hyphen_change,vate,6,0.10144402384757996,0.232882559299469,187,0.0106951871657754,0.0012123183133130404
hyphen_change,aligned_deja,0,0.0,0.007757246494293213,3650,0.3180821917808219,0.001076982560223096
hyphen_change,aligned_deja,1,0.007757246494293213,0.014355868101119995,3791,0.1047217093115273,0.0011137357270047834
hyphen_change,aligned_deja,2,0.014355868101119995,0.02157685160636902,4301,0.026272959776796095,0.00045889125427959186
hyphen_change,aligned_deja,3,0.02157685160636902,0.029673337936401367,2979,0.010741859684457872,0.00027495948769734905
hyphen_change,aligned_deja,4,0.029673337936401367,0.03430074453353882,1277,0.0015661707126076742,4.895963795780669e-05
hyphen_change,aligned_deja,5,0.03430074453353882,0.04834541380405426,1980,0.011111111111111112,0.00039483579722317784
hyphen_change,aligned_deja,6,0.04834541380405426,0.09781527519226074,208,0.004807692307692308,0.00024319296846022972
hyphen_change,aligned_source,0,0.0,0.00802774727344513,3675,0.3224489795918367,0.0011414500158660266
hyphen_change,aligned_source,1,0.00802774727344513,0.014777213335037231,3768,0.09447983014861996,0.0010500991610205097
hyphen_change,aligned_source,2,0.014777213335037231,0.02207021415233612,4253,0.0322125558429344,0.0005713791362879951
hyphen_change,aligned_source,3,0.02207021415233612,0.030103623867034912,3041,0.009536336731338375,0.00024852138018772736
hyphen_change,aligned_source,4,0.030103623867034912,0.03491508960723877,1290,0.011627906976744186,0.0003972151944803637
hyphen_change,aligned_source,5,0.03491508960723877,0.049367728829383825,1969,0.0045708481462671405,0.00016116596467002144
hyphen_change,aligned_source,6,0.049367728829383825,0.09365761280059814,190,0.010526315789473684,0.0005771850284777189
hyphen_change,aligned_pacifico,0,0.0,0.007944509387016296,3622,0.32219768083931527,0.0010749004711306997
hyphen_change,aligned_pacifico,1,0.007944509387016296,0.014618337154388428,3852,0.09839044652128764,0.0010655041888495472
hyphen_change,aligned_pacifico,2,0.014618337154388428,0.02183227241039276,4212,0.027065527065527065,0.00047157721811549955
hyphen_change,aligned_pacifico,3,0.02183227241039276,0.029759883880615234,3059,0.009807126511932003,0.000252481300326569
hyphen_change,aligned_pacifico,4,0.029759883880615234,0.034644126892089844,1326,0.006787330316742082,0.0002245185152258089
hyphen_change,aligned_pacifico,5,0.034644126892089844,0.049009972810745234,1917,0.008346374543557642,0.00029353785776009957
hyphen_change,aligned_pacifico,6,0.049009972810745234,0.10089421272277832,198,0.005050505050505051,0.00026437730500192356
digit_change,vate,0,0.0,0.014221474528312683,5188,0.3309560524286816,0.00195757997615023
digit_change,vate,1,0.014221474528312683,0.026427507400512695,4437,0.12463376155059724,0.002455611472896071
digit_change,vate,2,0.026427507400512695,0.039520263671875,3596,0.059510567296996664,0.0019078384981272086
digit_change,vate,3,0.039520263671875,0.056232184171676636,1837,0.04735982580293958,0.0022226095069798036
digit_change,vate,4,0.056232184171676636,0.067271888256073,640,0.0328125,0.002005338482558727
digit_change,vate,5,0.067271888256073,0.10144402384757996,987,0.016210739614994935,0.0012989181274097137
digit_change,vate,6,0.10144402384757996,0.232882559299469,398,0.0,0.0
digit_change,aligned_deja,0,0.0,0.007757246494293213,5131,0.31982069771974275,0.0010464128823429956
digit_change,aligned_deja,1,0.007757246494293213,0.014355868101119995,4411,0.11425980503287236,0.001191373464337446
digit_change,aligned_deja,2,0.014355868101119995,0.02157685160636902,3612,0.06118493909191584,0.0010553037341382945
digit_change,aligned_deja,3,0.02157685160636902,0.029673337936401367,1922,0.037460978147762745,0.000941805766350769
digit_change,aligned_deja,4,0.029673337936401367,0.03430074453353882,578,0.015570934256055362,0.0005047604905692764
digit_change,aligned_deja,5,0.03430074453353882,0.04834541380405426,1054,0.010436432637571158,0.0004281474019363664
digit_change,aligned_deja,6,0.04834541380405426,0.09781527519226074,375,0.0026666666666666666,0.00014339240392049154
digit_change,aligned_source,0,0.0,0.00802774727344513,5159,0.31343283582089554,0.0010553795160492116
digit_change,aligned_source,1,0.00802774727344513,0.014777213335037231,4462,0.10286866875840431,0.0011115579501442287
digit_change,aligned_source,2,0.014777213335037231,0.02207021415233612,3668,0.04907306434023991,0.000863057495203507
digit_change,aligned_source,3,0.02207021415233612,0.030103623867034912,1872,0.03418803418803419,0.0008720717687382657
digit_change,aligned_source,4,0.030103623867034912,0.03491508960723877,566,0.015901060070671377,0.0005169747785628895
digit_change,aligned_source,5,0.03491508960723877,0.049367728829383825,1011,0.008902077151335312,0.00033924393318998826
digit_change,aligned_source,6,0.049367728829383825,0.09365761280059814,345,0.0,0.0
digit_change,aligned_pacifico,0,0.0,0.007944509387016296,5196,0.3127405696689761,0.0010286735240269663
digit_change,aligned_pacifico,1,0.007944509387016296,0.014618337154388428,4517,0.11157848129289351,0.001197976508656777
digit_change,aligned_pacifico,2,0.014618337154388428,0.02183227241039276,3589,0.04764558372805795,0.0008299730720211783
digit_change,aligned_pacifico,3,0.02183227241039276,0.029759883880615234,1890,0.03015873015873016,0.0007440604230083486
digit_change,aligned_pacifico,4,0.029759883880615234,0.034644126892089844,631,0.01584786053882726,0.000516565779309643
digit_change,aligned_pacifico,5,0.034644126892089844,0.049009972810745234,922,0.008676789587852495,0.0003357462407192801
digit_change,aligned_pacifico,6,0.049009972810745234,0.10089421272277832,338,0.005917159763313609,0.00031259021110083225
transposition,vate,0,0.0,0.014221474528312683,186,0.34408602150537637,0.001969000344635338
transposition,vate,1,0.014221474528312683,0.026427507400512695,208,0.10096153846153846,0.001914162475329179
transposition,vate,2,0.026427507400512695,0.039520263671875,432,0.027777777777777776,0.0009152711265616947
transposition,vate,3,0.039520263671875,0.056232184171676636,363,0.008264462809917356,0.0003602168119971746
transposition,vate,4,0.056232184171676636,0.067271888256073,24,0.0,0.0
transposition,aligned_deja,0,0.0,0.007757246494293213,191,0.3036649214659686,0.0010961974478516903
transposition,aligned_deja,1,0.007757246494293213,0.014355868101119995,231,0.09523809523809523,0.000995225462562594
transposition,aligned_deja,2,0.014355868101119995,0.02157685160636902,364,0.02197802197802198,0.0003663104969066578
transposition,aligned_deja,3,0.02157685160636902,0.029673337936401367,378,0.018518518518518517,0.0004435180040894362
transposition,aligned_deja,4,0.029673337936401367,0.03430074453353882,31,0.0,0.0
transposition,aligned_deja,5,0.03430074453353882,0.04834541380405426,18,0.0,0.0
transposition,aligned_source,0,0.0,0.00802774727344513,192,0.28125,0.0010186759755015373
transposition,aligned_source,1,0.00802774727344513,0.014777213335037231,209,0.08133971291866028,0.0009097465487758508
transposition,aligned_source,2,0.014777213335037231,0.02207021415233612,378,0.026455026455026454,0.0004643405240679544
transposition,aligned_source,3,0.02207021415233612,0.030103623867034912,377,0.005305039787798408,0.00013339313967474577
transposition,aligned_source,4,0.030103623867034912,0.03491508960723877,40,0.025,0.0007814869284629821
transposition,aligned_source,5,0.03491508960723877,0.049367728829383825,17,0.0,0.0
transposition,aligned_pacifico,0,0.0,0.007944509387016296,188,0.2925531914893617,0.0009034989362067365
transposition,aligned_pacifico,1,0.007944509387016296,0.014618337154388428,210,0.09047619047619047,0.0009965950534457251
transposition,aligned_pacifico,2,0.014618337154388428,0.02183227241039276,369,0.018970189701897018,0.0003264094109780743
transposition,aligned_pacifico,3,0.02183227241039276,0.029759883880615234,388,0.015463917525773196,0.00038933538898979267
transposition,aligned_pacifico,4,0.029759883880615234,0.034644126892089844,40,0.0,0.0
transposition,aligned_pacifico,5,0.034644126892089844,0.049009972810745234,18,0.0,0.0
insertion,vate,0,0.0,0.014221474528312683,20942,0.3207907554197307,0.0019235253453584857
insertion,vate,1,0.014221474528312683,0.026427507400512695,21141,0.11172602998912066,0.0021745087712373027
insertion,vate,2,0.026427507400512695,0.039520263671875,22122,0.04524907332067625,0.0014459004066766639
insertion,vate,3,0.039520263671875,0.056232184171676636,14531,0.02621980593214507,0.0012092960856259628
insertion,vate,4,0.056232184171676636,0.067271888256073,5313,0.01486918878223226,0.0009011085505048457
insertion,vate,5,0.067271888256073,0.10144402384757996,1864,0.03165236051502146,0.0024822510043438924
insertion,vate,6,0.10144402384757996,0.232882559299469,348,0.014367816091954023,0.001633413221644259
insertion,aligned_deja,0,0.0,0.007757246494293213,21330,0.3078762306610408,0.0010204442945713735
insertion,aligned_deja,1,0.007757246494293213,0.014355868101119995,21025,0.10772889417360286,0.0011310620965628787
insertion,aligned_deja,2,0.014355868101119995,0.02157685160636902,21335,0.041528005624560584,0.0007158998865306811
insertion,aligned_deja,3,0.02157685160636902,0.029673337936401367,13934,0.02346777666140376,0.0005863685510037738
insertion,aligned_deja,4,0.029673337936401367,0.03430074453353882,3808,0.015756302521008403,0.0005056276416578213
insertion,aligned_deja,5,0.03430074453353882,0.04834541380405426,4406,0.01270994098955969,0.0004898766956164844
insertion,aligned_deja,6,0.04834541380405426,0.09781527519226074,423,0.009456264775413711,0.0005240221959197494
insertion,aligned_source,0,0.0,0.00802774727344513,21201,0.30517428423187587,0.0010401611226689427
insertion,aligned_source,1,0.00802774727344513,0.014777213335037231,20769,0.10053445038278203,0.0011003043311901203
insertion,aligned_source,2,0.014777213335037231,0.02207021415233612,21656,0.0393424455116365,0.0006968234055016726
insertion,aligned_source,3,0.02207021415233612,0.030103623867034912,13963,0.020124615054071475,0.00050961640027467
insertion,aligned_source,4,0.030103623867034912,0.03491508960723877,3904,0.013063524590163935,0.0004236635400867853
insertion,aligned_source,5,0.03491508960723877,0.049367728829383825,4349,0.009197516670498965,0.00035982647005731576
insertion,aligned_source,6,0.049367728829383825,0.09365761280059814,419,0.00954653937947494,0.0005883994136619112
insertion,aligned_pacifico,0,0.0,0.007944509387016296,21075,0.3062870699881376,0.0010131408650679945
insertion,aligned_pacifico,1,0.007944509387016296,0.014618337154388428,20915,0.10064546975854649,0.0010872499098653517
insertion,aligned_pacifico,2,0.014618337154388428,0.02183227241039276,21464,0.03815691390234812,0.0006737781190801102
insertion,aligned_pacifico,3,0.02183227241039276,0.029759883880615234,14034,0.01966652415562206,0.0004935071808805625
insertion,aligned_pacifico,4,0.029759883880615234,0.034644126892089844,4034,0.011403073872087258,0.00036579466539854807
insertion,aligned_pacifico,5,0.034644126892089844,0.049009972810745234,4306,0.010682768230376219,0.00041414424257947297
insertion,aligned_pacifico,6,0.049009972810745234,0.10089421272277832,433,0.009237875288683603,0.0005650056427125292
deletion,vate,0,0.0,0.014221474528312683,16751,0.34708375619366005,0.0021189893511087314
deletion,vate,1,0.014221474528312683,0.026427507400512695,14531,0.13749913977014658,0.002674951001885884
deletion,vate,2,0.026427507400512695,0.039520263671875,14225,0.056239015817223195,0.0017894123560095922
deletion,vate,3,0.039520263671875,0.056232184171676636,11023,0.024766397532432188,0.0011329578583333297
deletion,vate,4,0.056232184171676636,0.067271888256073,4168,0.01055662188099808,0.0006466644195814737
deletion,vate,5,0.067271888256073,0.10144402384757996,5926,0.007593655079311508,0.0005961009730288518
deletion,vate,6,0.10144402384757996,0.232882559299469,1525,0.0019672131147540984,0.00025259666755551196
deletion,aligned_deja,0,0.0,0.007757246494293213,16361,0.3245522889798912,0.001079406236117309
deletion,aligned_deja,1,0.007757246494293213,0.014355868101119995,14730,0.11737949762389681,0.001233903138069417
deletion,aligned_deja,2,0.014355868101119995,0.02157685160636902,14784,0.045928030303030304,0.0007934353084533245
deletion,aligned_deja,3,0.02157685160636902,0.029673337936401367,11247,0.02160576153640971,0.0005365270789044586
deletion,aligned_deja,4,0.029673337936401367,0.03430074453353882,3776,0.011387711864406779,0.0003675844962314024
deletion,aligned_deja,5,0.03430074453353882,0.04834541380405426,5700,0.00631578947368421,0.00024152676264444986
deletion,aligned_deja,6,0.04834541380405426,0.09781527519226074,1551,0.0025789813023855577,0.00014142675756408966
deletion,aligned_source,0,0.0,0.00802774727344513,16712,0.3217448539971278,0.001111320131215369
deletion,aligned_source,1,0.00802774727344513,0.014777213335037231,14757,0.11533509520905333,0.0012505630082600063
deletion,aligned_source,2,0.014777213335037231,0.02207021415233612,14831,0.045715056300991166,0.0008153399777471894
deletion,aligned_source,3,0.02207021415233612,0.030103623867034912,10785,0.02049142327306444,0.0005189971234105393
deletion,aligned_source,4,0.030103623867034912,0.03491508960723877,3850,0.008831168831168832,0.0002903929933325037
deletion,aligned_source,5,0.03491508960723877,0.049367728829383825,5656,0.004596888260254597,0.0001814770900882791
deletion,aligned_source,6,0.049367728829383825,0.09365761280059814,1558,0.0006418485237483953,5.257688223627014e-05
deletion,aligned_pacifico,0,0.0,0.007944509387016296,16751,0.3255328040117008,0.0010919948598034923
deletion,aligned_pacifico,1,0.007944509387016296,0.014618337154388428,14865,0.11900437268752102,0.0012836809235312022
deletion,aligned_pacifico,2,0.014618337154388428,0.02183227241039276,14774,0.04433464193854068,0.0007892777911054922
deletion,aligned_pacifico,3,0.02183227241039276,0.029759883880615234,10742,0.019828709737479053,0.0004935685293431655
deletion,aligned_pacifico,4,0.029759883880615234,0.034644126892089844,3984,0.009789156626506024,0.00031506469151581145
deletion,aligned_pacifico,5,0.034644126892089844,0.049009972810745234,5488,0.006013119533527697,0.00022971741963753546
deletion,aligned_pacifico,6,0.049009972810745234,0.10089421272277832,1545,0.0025889967637540453,0.0001621848171197095
substitution,vate,0,0.0,0.014221474528312683,56926,0.3108948459403436,0.001847778637176429
substitution,vate,1,0.014221474528312683,0.026427507400512695,56928,0.1019884766722878,0.0019805883981408932
substitution,vate,2,0.026427507400512695,0.039520263671875,54806,0.03725869430354341,0.0011782461392402265
substitution,vate,3,0.039520263671875,0.056232184171676636,29010,0.024060668734918994,0.001103811860289996
substitution,vate,4,0.056232184171676636,0.067271888256073,6864,0.021124708624708624,0.0012875621951682307
substitution,vate,5,0.067271888256073,0.10144402384757996,9355,0.010048102618920363,0.0007721895651661859
substitution,vate,6,0.10144402384757996,0.232882559299469,2367,0.0021123785382340513,0.0002582755882527489
substitution,aligned_deja,0,0.0,0.007757246494293213,56593,0.2945770678352446,0.0009570159954743553
substitution,aligned_deja,1,0.007757246494293213,0.014355868101119995,56848,0.08628271882915846,0.0009036211775552377
substitution,aligned_deja,2,0.014355868101119995,0.02157685160636902,55272,0.031173107540888697,0.0005354906348351167
substitution,aligned_deja,3,0.02157685160636902,0.029673337936401367,29851,0.017821848514287628,0.0004445602337058747
substitution,aligned_deja,4,0.029673337936401367,0.03430074453353882,6459,0.013469577333952624,0.0004299908235062385
substitution,aligned_deja,5,0.03430074453353882,0.04834541380405426,8859,0.0077886894683372844,0.00030769606397684546
substitution,aligned_deja,6,0.04834541380405426,0.09781527519226074,2374,0.0029486099410278013,0.00015245550002184052
substitution,aligned_source,0,0.0,0.00802774727344513,56573,0.2924539974899687,0.0009733048622046791
substitution,aligned_source,1,0.00802774727344513,0.014777213335037231,56991,0.08260953483883421,0.0008958715242990723
substitution,aligned_source,2,0.014777213335037231,0.02207021415233612,55227,0.029949119090300035,0.0005264373608047519
substitution,aligned_source,3,0.02207021415233612,0.030103623867034912,29785,0.01611549437636394,0.000405655418323634
substitution,aligned_source,4,0.030103623867034912,0.03491508960723877,6501,0.011382864174742347,0.00036744966156353236
substitution,aligned_source,5,0.03491508960723877,0.049367728829383825,8799,0.006250710307989544,0.00024338822728436785
substitution,aligned_source,6,0.049367728829383825,0.09365761280059814,2380,0.0033613445378151263,0.0001791396812230599
substitution,aligned_pacifico,0,0.0,0.007944509387016296,56624,0.2911839502684374,0.0009508180029650265
substitution,aligned_pacifico,1,0.007944509387016296,0.014618337154388428,56967,0.08325872873769025,0.0008927503453613171
substitution,aligned_pacifico,2,0.014618337154388428,0.02183227241039276,55336,0.02799262686135608,0.0004911619318398469
substitution,aligned_pacifico,3,0.02183227241039276,0.029759883880615234,29699,0.015219367655476615,0.0003783546086854696
substitution,aligned_pacifico,4,0.029759883880615234,0.034644126892089844,6782,0.01312297257446181,0.00041953550085350674
substitution,aligned_pacifico,5,0.034644126892089844,0.049009972810745234,8474,0.0059004012272834555,0.00023202926222940984
substitution,aligned_pacifico,6,0.049009972810745234,0.10089421272277832,2374,0.002527379949452401,0.00013321982076816831
digit_substitution,vate,0,0.0,0.014221474528312683,790,0.34177215189873417,0.002099827875064898
digit_substitution,vate,1,0.014221474528312683,0.026427507400512695,810,0.17777777777777778,0.0034316027605975114
digit_substitution,vate,2,0.026427507400512695,0.039520263671875,854,0.08079625292740047,0.002632445069051738
digit_substitution,vate,3,0.039520263671875,0.056232184171676636,533,0.08630393996247655,0.004103824971540783
digit_substitution,vate,4,0.056232184171676636,0.067271888256073,104,0.07692307692307693,0.00457592079272637
digit_substitution,vate,5,0.067271888256073,0.10144402384757996,127,0.023622047244094488,0.0017697388731588528
digit_substitution,vate,6,0.10144402384757996,0.232882559299469,61,0.0,0.0
digit_substitution,aligned_deja,0,0.0,0.007757246494293213,815,0.3337423312883436,0.0011397012903646456
digit_substitution,aligned_deja,1,0.007757246494293213,0.014355868101119995,773,0.17076326002587322,0.001782641450923905
digit_substitution,aligned_deja,2,0.014355868101119995,0.02157685160636902,798,0.08270676691729323,0.0014403803754868662
digit_substitution,aligned_deja,3,0.02157685160636902,0.029673337936401367,556,0.09172661870503597,0.0023527092856468913
digit_substitution,aligned_deja,4,0.029673337936401367,0.03430074453353882,127,0.10236220472440945,0.0032717327433308277
digit_substitution,aligned_deja,5,0.03430074453353882,0.04834541380405426,149,0.020134228187919462,0.0007920921248877608
digit_substitution,aligned_deja,6,0.04834541380405426,0.09781527519226074,61,0.0,0.0
digit_substitution,aligned_source,0,0.0,0.00802774727344513,830,0.3457831325301205,0.0012213774474270373
digit_substitution,aligned_source,1,0.00802774727344513,0.014777213335037231,762,0.16535433070866143,0.0017954338723280298
digit_substitution,aligned_source,2,0.014777213335037231,0.02207021415233612,821,0.07917174177831912,0.0014509552143668432
digit_substitution,aligned_source,3,0.02207021415233612,0.030103623867034912,544,0.07352941176470588,0.0019117795369204354
digit_substitution,aligned_source,4,0.030103623867034912,0.03491508960723877,114,0.14035087719298245,0.004553597224386115
digit_substitution,aligned_source,5,0.03491508960723877,0.049367728829383825,137,0.0,0.0
digit_substitution,aligned_source,6,0.049367728829383825,0.09365761280059814,71,0.014084507042253521,0.0007234392031817369
digit_substitution,aligned_pacifico,0,0.0,0.007944509387016296,842,0.36342042755344417,0.0012091239670959618
digit_substitution,aligned_pacifico,1,0.007944509387016296,0.014618337154388428,807,0.16480793060718713,0.001790301137992736
digit_substitution,aligned_pacifico,2,0.014618337154388428,0.02183227241039276,768,0.07291666666666667,0.0013023866340517998
digit_substitution,aligned_pacifico,3,0.02183227241039276,0.029759883880615234,539,0.07606679035250463,0.00192788569515844
digit_substitution,aligned_pacifico,4,0.029759883880615234,0.034644126892089844,127,0.11811023622047244,0.0037832081787229524
digit_substitution,aligned_pacifico,5,0.034644126892089844,0.049009972810745234,146,0.00684931506849315,0.00024665830886527284
digit_substitution,aligned_pacifico,6,0.049009972810745234,0.10089421272277832,50,0.02,0.0009864568710327148
