trial_number,best_train_loss,final_train_loss,final_val_loss,lr,batch_size,internal_layer_size,output_dim,q_pos,q_neg,optimizer,weight_decay
1,0.06891971279319402,0.06891971279319402,0.05626104220415756,5.6115164153345e-05,64,512,256,0.8,0.35,sgd,0.00037183641805732076
2,0.07205149706225006,0.07205149706225006,0.06280952300876379,2.5081156860452307e-05,512,768,768,0.8,0.3,sgd,0.0003550304858128307
3,0.006953075385230887,0.006953075385230887,0.0038598807994276287,0.0007568292060167617,256,768,128,0.8,0.4,sgd,1.4063366777718176e-05
4,0.002230993909415934,0.002230993909415934,0.0023053575386705843,5.211124595788268e-05,128,768,128,0.75,0.25,adamw,0.0001040258761588385
5,0.002052084070003932,0.002052084070003932,0.002226646291092038,0.0006533305220227731,256,768,256,0.8,0.4,adamw,0.00010507384024181397
6,0.05523255150004917,0.05523255150004917,0.043281090632081035,6.83631406502272e-05,512,1024,128,0.75,0.35,sgd,3.048670883458067e-05
7,0.0037860456859393214,0.0037860456859393214,0.003270648888484308,0.00022093834415066264,64,1024,128,0.65,0.35,adam,1.6863473810115062e-05
8,0.006408195964314558,0.006408195964314558,0.005035983218372485,0.0007069476197217987,64,1024,128,0.7,0.4,adam,0.00021232617602360456
9,0.005375157606423549,0.005375157606423549,0.003187673119828105,1.0235832435175107e-05,256,1024,256,0.6,0.25,adam,9.66129598966224e-05
10,0.0042225678665271495,0.0042225678665271495,0.002937746408490381,2.4574572727813138e-05,64,512,256,0.6,0.25,adam,1.5644186602631917e-05
11,0.08411720562346127,0.08411720562346127,0.07518345266580581,0.0001281716214662065,1024,512,768,0.65,0.35,sgd,0.0008773222915788808
12,0.09370866592745392,0.09370866592745392,0.08649686984717846,2.9820913313778412e-05,512,256,768,0.8,0.3,sgd,0.0006792224620402288
13,0.08038880295899449,0.08038880295899449,0.07187164463102817,1.4188063737126661e-05,512,512,768,0.8,0.3,sgd,0.00032715491421874294
14,0.09504734610720557,0.09505387882188875,0.08802936300635338,3.5560743660547806e-05,1024,256,768,0.8,0.3,sgd,0.0003385237827879525
15,0.06099896206308509,0.06099896206308509,0.047340666686620896,0.00014223864968676886,128,512,256,0.7,0.3,sgd,0.0004487809174213035
16,0.002871301555426604,0.002871301555426604,0.001632851301203037,1.9279942276229844e-05,64,768,768,0.8,0.35,adamw,0.00017514826598083363
17,0.07427328863010114,0.07427328863010114,0.06427115388214588,0.0002693168084313325,512,512,256,0.8,0.3,sgd,5.442787259660796e-05
18,0.043330802618551545,0.043330802618551545,0.026774476489918247,5.712195884877372e-05,64,768,256,0.8,0.35,sgd,0.0002174061268295262
19,0.09504261947408014,0.09504261947408014,0.08807407505810261,7.48153438276081e-05,512,256,768,0.65,0.3,sgd,0.0005118078717117629
20,0.0050632072784735456,0.0050632072784735456,0.0034303470054947876,3.8660775967287935e-05,128,512,256,0.6,0.35,adamw,0.0008131749062880231
21,0.0754452888302657,0.0754452888302657,0.06608854196965694,1.6361904103388473e-05,1024,768,768,0.7,0.35,sgd,0.00014602992300816653
22,0.006942300180740216,0.006942300180740216,0.0038678033160977066,0.00038974769159685175,256,768,128,0.8,0.4,sgd,4.339954655802462e-05
23,0.06717239039214067,0.06717239039214067,0.05233300295658409,0.00010714912668674753,256,768,128,0.8,0.4,sgd,1.114214880007553e-05
24,0.006708785562830812,0.006708785562830812,0.003745361586334184,0.0009203291726930044,256,768,128,0.8,0.4,sgd,0.00033254520926350714
25,0.07906520271635785,0.07906520271635785,0.06915739178657532,4.5029532145203505e-05,512,768,256,0.8,0.4,sgd,6.415856984328179e-05
26,0.05111918811831633,0.05111918811831633,0.03519534459337592,8.470238151240109e-05,256,768,128,0.75,0.4,sgd,3.076436626266158e-05
27,0.057927212922792744,0.057927212922792744,0.044203417885835004,0.0001883692973192265,64,512,768,0.8,0.3,sgd,0.0005253100762314406
28,0.005354144515202131,0.005354144515202131,0.002771153825091993,0.0004458310265869325,64,256,128,0.8,0.25,sgd,0.0002623702653366469
29,0.004060539660490669,0.004060539660490669,0.002229000924853608,2.2689240810738828e-05,512,768,256,0.8,0.4,adam,0.00014554480561132204
30,0.002356928919115678,0.002356928919115678,0.00201049152263617,5.194226358974328e-05,128,768,768,0.75,0.25,adamw,0.00011459056231879806
31,0.005083639458741259,0.005083639458741259,0.002855041984003037,1.017082262693058e-05,256,512,128,0.7,0.3,adamw,7.608881610250565e-05
32,0.00247896120042714,0.00247896120042714,0.0021539184300205377,3.253483121543735e-05,128,768,128,0.75,0.25,adamw,3.228057126209589e-05
33,0.002233611125930134,0.002233611125930134,0.0020778104088186654,5.099641442995115e-05,128,768,128,0.75,0.25,adamw,1.742717091069282e-05
34,0.0020514755371197,0.0020514755371197,0.0021629740227650427,7.098597705709533e-05,128,768,128,0.75,0.25,adamw,8.75641580382458e-05
35,0.0022519387925863076,0.0022519387925863076,0.0023032589358737386,9.38607869964682e-05,128,1024,128,0.75,0.35,adamw,0.00012360998765492673
36,0.0048991826772594544,0.0048991826772594544,0.0032093106186948718,2.4728123709532054e-05,256,768,128,0.65,0.35,adam,0.00025155283549991534
37,0.0032833112814592974,0.0032833112814592974,0.0031885692940959646,0.0005167620294412808,64,1024,256,0.6,0.25,adamw,4.04826775993309e-05
38,0.0029799432127869557,0.0029799432127869557,0.002768016653135419,0.0002990481318373899,1024,768,128,0.75,0.4,adam,2.400061406110792e-05
39,0.04774341871011622,0.04774341871011622,0.03632268477231264,0.00017679015343476093,512,1024,256,0.8,0.25,sgd,0.0006510721008465874
40,0.08134921892562205,0.08134921892562205,0.07147951528524897,6.209854264417192e-05,64,512,768,0.65,0.35,sgd,0.0009973635561618234
41,0.10331546982078602,0.10331546982078602,0.09488823618739843,1.3996090092329059e-05,256,256,128,0.6,0.4,sgd,1.002811391500855e-05
42,0.0020608298160145273,0.0020608298160145273,0.002376699569867924,0.0006142947728609336,256,768,256,0.8,0.4,adamw,0.0004176858248903282
43,0.002127881447696472,0.002127881447696472,0.0023281942412722856,0.000930826888126965,256,768,256,0.8,0.4,adamw,0.00016426991261229708
44,0.001641215409522595,0.001641215409522595,0.0023311534081585706,0.0007137263928461682,256,768,256,0.8,0.3,adamw,9.200773416391658e-05
45,0.0037846243750227957,0.0037846243750227957,0.002053798013366759,4.039346745097059e-05,512,512,256,0.8,0.4,adam,5.55838362385369e-05
46,0.0024064248172275516,0.0024064248172275516,0.0023358578739575094,0.00011413145533981994,64,768,768,0.7,0.3,adamw,0.0001968677498616308
47,0.04048380088441226,0.04048380088441226,0.0245391296222806,0.0007289663648815193,1024,1024,256,0.8,0.35,sgd,0.0002712512300516339
48,0.093312782444516,0.093312782444516,0.08475657254457473,2.665217795845026e-05,512,512,768,0.8,0.4,sgd,0.00011544802442367156
49,0.0029667212664747557,0.0029667212664747557,0.0030083545200715336,0.0003892043466121459,128,768,256,0.65,0.3,adamw,0.0004053117893702882
50,0.09732017187816103,0.09732017187816103,0.08840420302003622,0.00029738541788945535,256,256,768,0.8,0.35,sgd,2.3720039325040518e-05
